Algorithm;Config;Voice;ID;High;Steps;Notes;Tonic;Minor;Range;Culminations;Decc_min;Decc_max;Decc_av;Maccr_min;Maccr_max;Maccr_av;Tonics;VI;VI#;VII;VII#;Smooth;Leaps;2leaps;3leaps;Leaped;Leaps_win;Leaped_win;Sum_int;Between_min;Between_max;Contra;Direct;Pico;Dis;Ico;Pco;Llen;Croches;Sus;Anti;to3;after3;dev2;dev3;uncomp_precomp;uncomp_child;Close+1far;Close+2far;Close+no;No+close;Far+close;No close;
GenCP1;cp5;0;6;1;102;40;9;1;17;1;1,5116;2,8325;2,2038;2,7098;8,83;5,73;7;4;2;2;5;28;11;0;0;38;6;23;32;12;26;6;3;0;12;15;16;2,550;8;3;0;1;0;4;0;1;0;4;0;1;1;0;0;
GenCP1;cp5;0;6;1;102;43;9;1;19;1;1,6617;5,00;3,0923;2,9520;9,15;6,57;9;3;0;3;0;28;14;4;1;62;6;26;20;0;19;6;2;2;12;22;13;2,372;10;4;0;3;1;2;0;3;1;2;1;0;0;2;0;
GenCP1;cp5;0;6;1;102;41;9;1;20;1;1,2205;2,9286;2,2339;2,2057;10,21;6,00;10;3;2;4;3;24;16;6;0;57;7;26;25;0;24;4;5;4;12;20;12;2,488;6;2;1;3;3;4;0;1;1;2;0;0;1;3;0;
GenCP1;cp5;0;6;1;102;37;9;1;19;3;0,9790;4,1889;2,7179;3,6936;8,24;5,80;7;1;2;0;4;26;10;2;1;43;6;26;32;8;24;6;3;0;10;15;15;2,757;4;3;0;2;0;1;0;1;0;0;0;0;1;2;0;
GenCP1;cp5;0;6;1;102;37;9;1;15;3;1,0229;4,3224;2,4279;2,3221;9,72;6,22;8;1;2;1;3;27;9;2;2;40;5;23;32;12;24;5;5;2;9;16;14;2,757;8;2;0;2;2;1;0;1;1;1;0;1;0;1;0;
GenCP1;cp5;0;6;1;102;33;9;1;18;1;0,7291;5,10;2,6668;2,4438;10,36;6,31;5;8;0;5;1;20;12;6;0;50;6;26;27;0;24;2;5;2;8;17;13;3,091;2;4;1;1;1;2;0;0;1;1;0;0;2;0;0;
GenCP1;cp5;0;6;1;102;34;9;1;19;4;0,3108;4,1845;2,4467;3,7563;8,56;6,52;7;2;2;2;3;21;12;4;0;50;6;25;27;2;20;4;4;2;10;18;10;3,000;2;3;1;1;0;3;0;1;0;1;0;0;0;3;0;
GenCP1;cp5;0;6;1;102;39;9;1;17;3;1,6260;3,4848;2,5410;3,0949;9,93;6,90;9;3;2;6;1;27;11;1;0;45;6;24;25;0;24;6;3;3;10;18;14;2,615;4;3;0;4;0;3;1;1;0;1;0;0;1;3;0;
GenCP1;cp5;0;6;1;102;44;9;1;20;2;1,9981;3,9450;2,8093;4,3903;9,22;6,46;6;5;0;4;0;32;11;3;0;50;5;25;25;0;20;7;2;1;13;21;13;2,318;10;3;0;2;0;2;0;1;0;0;0;0;0;2;0;
GenCP1;cp5;0;1;0;78;26;0;1;19;1;1,5056;4,1999;2,6986;3,4240;6,79;4,6612;7;2;0;4;0;16;9;3;0;35;6;25;19;0;16;3;3;2;7;14;8;3,000;4;3;0;0;1;2;0;1;1;1;0;2;3;1;0;
GenCP1;cp5;0;1;0;78;28;0;1;19;1;0,3374;3,8274;2,3716;3,4273;11,60;8,58;7;4;2;4;3;20;7;1;0;25;6;20;26;4;24;5;1;0;7;14;10;2,786;0;3;0;1;0;1;1;1;0;1;0;0;2;2;0;
GenCP1;cp5;0;1;0;78;30;0;1;19;1;1,2600;3,4094;2,4964;3,8032;5,91;4,4589;5;2;2;3;2;19;10;2;0;42;6;24;19;0;19;3;4;3;6;15;11;2,600;4;2;0;3;0;1;0;1;0;0;0;0;1;1;0;
GenCP1;cp5;0;1;0;78;28;0;1;19;1;0,4433;3,4050;2,2867;3,8281;11,47;8,00;6;3;1;3;3;19;8;2;0;31;6;24;26;6;24;5;2;1;6;16;8;2,786;0;2;0;0;1;1;0;2;0;2;1;0;1;0;0;
GenCP1;cp5;0;1;0;78;30;0;1;13;1;2,2210;4,1687;3,1824;2,1195;3,9623;3,0663;4;1;1;0;3;20;9;3;0;45;5;25;20;0;19;3;4;4;8;14;10;2,600;4;2;0;2;0;1;0;2;0;1;0;0;1;1;0;
GenCP1;cp5;0;1;0;68;23;0;0;12;1;1,3678;2,8393;2,4656;3,5673;5,83;5,28;5;0;3;0;5;14;8;2;1;28;6;22;28;7;24;5;1;1;5;9;11;2,957;2;2;0;0;0;0;0;2;0;0;3;0;1;1;0;
GenCP1;cp5;0;1;0;68;24;0;0;17;1;1,6186;5,23;2,7516;5,87;9,12;7,81;6;0;3;0;5;16;7;2;0;34;5;26;24;2;16;4;2;0;8;9;9;2,833;2;1;1;0;0;1;0;2;1;1;1;0;1;0;0;
GenCP1;cp5;0;1;0;68;21;0;0;17;1;0,9276;3,9005;2,9490;6,29;9,94;8,00;3;0;2;0;3;15;5;2;0;25;5;25;24;0;24;4;1;1;5;10;9;3,238;4;3;0;0;0;0;0;0;1;0;1;0;1;0;0;
GenCP1;cp5;0;1;0;68;22;0;0;10;1;0,7029;2,5886;2,1996;3,3651;3,9662;3,7358;5;0;2;0;4;13;8;2;0;31;6;23;31;12;25;3;2;1;7;8;10;3,091;2;2;1;0;0;2;1;1;0;1;1;0;0;2;0;
GenCP1;cp5;0;1;0;68;23;0;0;16;1;1,2466;4,7229;2,7464;2,4215;6,86;5,52;4;0;1;0;2;13;9;2;1;37;7;25;28;3;24;2;3;2;8;10;8;2,957;2;2;1;0;1;1;0;2;0;1;1;0;1;1;0;
GenCP1;cp5;0;1;0;68;22;0;0;15;1;1,6435;4,0195;2,7242;4,5100;6,93;6,13;4;0;2;0;5;15;6;1;0;33;3;17;24;3;21;5;2;0;7;10;6;3,091;2;1;0;1;0;0;0;0;2;0;0;0;1;0;0;
GenCP1;cp5;0;1;0;68;24;0;0;13;1;1,2806;3,1780;2,4804;2,6559;3,7274;3,1680;4;0;2;0;1;16;7;2;1;28;5;22;24;7;24;4;2;1;6;12;8;2,833;4;1;1;1;0;2;0;1;1;2;0;1;0;0;0;
GenCP1;cp5;0;1;0;68;25;0;0;16;1;1,3358;3,7926;2,4358;2,7427;6,59;4,7548;4;0;2;0;4;16;8;2;1;36;5;22;23;0;21;3;2;1;6;12;10;2,720;4;2;1;1;0;0;1;0;2;0;1;0;0;0;0;
GenCP1;cp5;0;1;0;70;24;0;0;15;1;1,3187;3,3149;2,4565;2,6178;4,5724;3,8641;3;0;4;0;3;14;9;3;1;36;6;24;24;5;24;4;2;1;6;8;12;2,917;2;2;0;0;1;1;0;1;0;1;1;0;1;1;0;
GenCP1;cp5;0;1;0;68;27;0;0;14;1;1,9672;4,1536;2,9549;2,0579;3,5953;3,0260;4;0;4;0;2;17;9;2;0;42;6;26;21;0;16;6;1;0;6;13;9;2,519;4;1;0;1;0;2;1;1;1;1;0;0;1;2;0;
GenCP1;cp5;0;1;0;68;20;0;0;16;1;1,5380;4,2816;2,8013;6,54;9,29;8,69;3;0;2;0;1;12;7;2;0;33;5;26;28;3;24;2;2;1;6;10;8;3,400;2;3;1;3;0;1;0;1;0;0;0;0;0;0;0;
GenCP1;cp5;0;1;0;70;27;0;0;15;1;0,9276;4,4157;3,2286;4,2153;8,52;5,81;7;0;4;0;5;21;5;1;0;29;4;25;26;7;24;5;2;0;7;11;10;2,593;6;1;0;1;0;0;0;0;0;0;0;0;0;1;0;
GenCP1;cp5;0;1;0;70;27;0;0;16;1;1,5214;3,9353;2,6676;2,5031;4,3301;2,9916;5;0;1;0;4;19;7;2;0;31;5;23;23;3;19;3;3;1;7;9;13;2,593;6;2;0;2;1;1;0;2;0;0;1;0;1;1;0;
GenCP1;cp5;0;1;0;70;27;0;0;17;1;0,4721;2,4452;2,0173;3,4010;6,83;5,35;6;0;2;0;3;16;10;5;0;36;6;22;24;0;24;4;0;0;7;11;13;2,593;4;3;1;2;1;1;0;1;1;1;1;0;0;2;0;
GenCP1;cp5;0;1;0;68;25;0;0;12;1;1,3370;3,2347;2,2000;2,2423;5,12;4,2679;6;0;2;0;6;17;7;2;0;28;5;22;19;2;16;4;2;1;7;13;7;2,720;4;2;0;0;0;1;0;0;0;0;0;0;0;0;0;
GenCP1;cp5;0;1;0;68;20;0;0;12;1;1,4167;4,0781;2,4855;3,4365;7,30;4,7659;4;0;2;0;5;12;7;1;0;30;5;24;29;8;24;3;1;1;5;11;8;3,400;2;3;1;1;0;1;1;2;0;1;1;0;0;1;0;
GenCP1;cp5;0;1;0;68;23;0;0;17;1;1,5067;4,3444;2,5807;4,5728;9,78;8,22;3;0;1;0;1;18;4;0;0;20;3;17;29;3;24;3;1;0;8;10;9;2,957;6;3;1;1;0;1;0;0;0;0;0;0;1;0;0;
GenCP1;cp5;0;1;0;70;24;0;0;14;1;1,9205;3,3703;2,8018;3,5802;4,6055;3,8751;5;0;3;0;4;15;8;1;1;34;6;25;21;0;17;2;2;1;8;12;8;2,917;2;3;1;0;0;2;0;1;0;1;0;0;3;1;0;
GenCP1;cp5;0;1;0;70;29;0;0;16;1;1,8357;3,5276;2,6669;2,9609;5,78;4,4069;4;0;1;0;6;20;8;2;0;42;5;26;23;0;21;4;2;0;7;11;13;2,414;6;2;0;4;0;1;0;0;2;1;0;0;0;1;0;
GenCP1;cp5;0;1;0;70;26;0;0;14;1;1,1845;3,9001;2,5543;2,4253;4,0646;3,1050;5;0;5;0;4;18;7;2;1;33;5;22;19;0;19;3;3;2;7;13;8;2,692;2;2;0;1;1;2;0;0;1;1;1;0;0;1;0;
GenCP1;cp5;0;1;0;68;23;0;0;16;1;0,7471;4,3962;2,7331;3,5205;6,00;5,03;4;0;4;0;4;15;7;3;1;34;4;25;28;3;24;5;0;0;6;11;9;2,957;6;3;0;2;2;2;0;0;1;0;1;0;1;0;0;
GenCP1;cp5;0;1;0;68;24;0;0;13;1;0,4186;3,3286;2,4589;2,9684;7,40;6,06;6;0;2;0;5;18;5;1;0;23;4;19;29;7;25;4;2;0;7;10;9;2,833;6;2;0;1;0;0;1;0;0;0;1;0;0;2;0;
GenCP1;cp5;0;1;0;68;24;0;0;13;1;1,6584;2,5624;2,2887;2,9664;7,36;5,47;4;0;2;0;6;14;9;3;0;33;6;23;29;8;24;2;2;0;8;11;9;2,833;4;3;1;2;1;2;2;0;0;1;1;0;0;2;0;
GenCA2;good-cp5;0;1;0;70;27;2;0;13;1;0,9115;4,0741;2,5229;4,3165;7,45;6,32;6;0;2;0;4;23;3;0;0;14;3;14;24;2;19;5;1;0;10;13;6;2,593;4;2;0;0;0;0;0;0;0;0;1;0;0;0;0;
GenCA2;good-cp5;0;2;1;84;30;0;0;17;1;1,8187;3,9524;3,0425;2,6268;10,08;5,20;5;0;5;0;4;19;10;2;0;42;6;26;22;0;16;5;3;2;7;13;12;2,800;2;2;0;0;1;1;0;2;1;1;1;0;2;1;1;
GenCA2;good-cp5;0;3;0;70;21;2;0;10;1;0,6686;2,3334;1,7100;1,7563;2,6126;2,1765;6;0;3;0;6;18;2;0;0;7;2;7;29;15;23;2;4;2;5;10;8;3,333;0;1;1;0;0;0;0;0;0;0;0;0;1;0;0;
GenCA2;good-cp5;0;4;0;68;21;2;0;12;1;1,0183;3,6959;2,6961;3,4850;6,41;4,3647;6;0;2;0;2;10;10;3;2;40;8;33;23;3;19;5;2;1;4;11;7;3,238;0;1;0;1;0;1;1;1;0;1;0;0;1;1;0;
GenCA2;good-cp5;0;5;0;86;30;0;0;14;1;0,5408;3,3996;2,5452;2,4531;4,4345;3,3931;6;0;6;0;7;21;8;1;0;34;5;21;31;12;28;3;4;4;7;19;7;2,867;6;3;0;1;1;1;0;0;1;0;0;1;0;2;1;
GenCA2;good-cp5;0;6;0;70;29;2;0;12;1;0,8181;2,6918;1,8959;2,2418;4,9787;3,8605;3;0;4;0;3;23;5;0;0;19;4;16;26;5;24;4;4;3;8;12;9;2,414;2;0;0;0;1;3;0;1;0;2;0;0;0;0;1;
GenCA2;good-cp5;0;7;0;86;31;0;0;14;1;0,5408;3,3996;2,6084;1,5810;4,3962;3,2627;6;0;6;0;7;21;9;1;0;37;6;24;31;12;28;4;3;3;7;19;8;2,774;6;3;0;1;1;1;0;0;1;0;0;1;0;3;1;
GenCA2;good-cp5;0;8;1;84;29;0;0;16;1;1,8187;3,9524;2,9646;2,6268;9,17;4,9815;5;0;4;0;3;20;8;1;0;35;5;22;21;0;16;4;4;2;7;12;12;2,897;2;2;0;0;0;1;0;2;0;1;0;0;1;0;1;
GenCA2;good-cp5;0;9;0;84;25;9;1;15;1;0,3967;4,0249;2,5344;4,4892;9,12;6,56;6;2;0;2;1;16;8;2;0;35;6;27;27;9;24;3;1;1;7;14;10;3,360;2;6;0;1;1;0;0;0;0;0;0;0;2;1;0;
GenCA2;good-cp5;0;10;1;70;25;2;0;14;1;1,6920;3,7967;2,8478;4,4501;7,67;5,89;5;0;3;0;4;17;7;1;0;27;6;21;21;0;17;3;3;2;8;11;8;2,800;2;2;0;0;0;1;0;2;0;0;0;0;1;1;1;
GenCA2;good-cp5;0;11;1;68;23;2;0;17;1;1,6449;3,5213;2,6825;5,27;8,88;6,54;5;0;2;0;2;17;5;0;0;24;3;17;26;5;19;4;4;1;7;9;7;2,957;0;0;0;0;0;0;0;1;1;0;0;1;1;0;0;
GenCA2;good-cp5;0;12;0;68;17;2;0;15;1;1,0244;2,6431;1,9359;7,68;12,17;9,65;4;0;2;0;4;11;5;0;0;17;5;17;26;9;24;4;1;1;3;9;8;4,000;2;3;0;0;0;1;0;0;0;0;0;0;0;0;1;
GenCA2;good-cp5;0;13;0;68;23;2;0;14;1;1,2001;2,9163;2,6014;3,8258;6,70;5,80;3;0;4;0;4;18;4;0;0;17;3;13;28;9;24;5;3;2;6;10;7;2,957;0;0;0;0;0;0;1;0;0;0;1;0;1;1;0;
GenCA2;good-cp5;0;14;0;70;22;0;1;11;1;1,2872;3,2762;2,1199;3,2355;4,5275;4,3017;4;2;1;2;1;17;4;0;0;17;3;14;31;12;28;4;3;3;4;10;9;3,182;4;1;0;0;0;0;0;4;0;0;1;0;0;1;1;
GenCA2;good-cp5;0;15;0;68;20;0;1;14;1;0,5408;3,1406;2,0284;6,19;8,61;8,06;4;2;1;1;2;15;4;0;0;13;4;13;26;7;24;4;0;0;6;10;8;3,400;4;4;0;0;0;1;1;1;0;0;0;1;1;1;0;
2017-10-22 08:03:09;GenCA2;97443456;0;1;0;70;27;2;13;1;0,9115;4,0741;2,5229;4,3165;7,45;6,32;6;0;2;0;4;23;3;0;0;14;3;14;24;2;19;5;1;0;10;13;6;2,593;4;2;0;0;0;0;0;0;0;0;1;0;0;0;0;
2017-10-22 08:03:09;GenCA2;97443456;0;2;1;84;30;0;17;1;1,8187;3,9524;3,0425;2,6268;10,08;5,20;5;0;5;0;4;19;10;2;0;42;6;26;22;0;16;5;3;2;7;13;12;2,800;2;2;0;0;1;1;0;2;1;1;1;0;2;1;1;
2017-10-22 08:03:09;GenCA2;97443456;0;3;0;70;21;2;10;1;0,6686;2,3334;1,7100;1,7563;2,6126;2,1765;6;0;3;0;6;18;2;0;0;7;2;7;29;15;23;2;4;2;5;10;8;3,333;0;1;1;0;0;0;0;0;0;0;0;0;1;0;0;
2017-10-22 08:03:09;GenCA2;97443456;0;4;0;68;21;2;12;1;1,0183;3,6959;2,6961;3,4850;6,41;4,3647;6;0;2;0;2;10;10;3;2;40;8;33;23;3;19;5;2;1;4;11;7;3,238;0;1;0;1;0;1;1;1;0;1;0;0;1;1;0;
2017-10-22 08:03:09;GenCA2;97443456;0;5;0;86;30;0;14;1;0,5408;3,3996;2,5452;2,4531;4,4345;3,3931;6;0;6;0;7;21;8;1;0;34;5;21;31;12;28;3;4;4;7;19;7;2,867;6;3;0;1;1;1;0;0;1;0;0;1;0;2;1;
2017-10-22 08:03:09;GenCA2;97443456;0;6;0;70;29;2;12;1;0,8181;2,6918;1,8959;2,2418;4,9787;3,8605;3;0;4;0;3;23;5;0;0;19;4;16;26;5;24;4;4;3;8;12;9;2,414;2;0;0;0;1;3;0;1;0;2;0;0;0;0;1;
2017-10-22 08:03:09;GenCA2;97443456;0;7;0;86;31;0;14;1;0,5408;3,3996;2,6084;1,5810;4,3962;3,2627;6;0;6;0;7;21;9;1;0;37;6;24;31;12;28;4;3;3;7;19;8;2,774;6;3;0;1;1;1;0;0;1;0;0;1;0;3;1;
2017-10-22 08:03:09;GenCA2;97443456;0;8;1;84;29;0;16;1;1,8187;3,9524;2,9646;2,6268;9,17;4,9815;5;0;4;0;3;20;8;1;0;35;5;22;21;0;16;4;4;2;7;12;12;2,897;2;2;0;0;0;1;0;2;0;1;0;0;1;0;1;
2017-10-22 08:03:09;GenCA2;97443456;0;9;0;84;25;9;15;1;0,3967;4,0249;2,5344;4,4892;9,12;6,56;6;2;0;2;1;16;8;2;0;35;6;27;27;9;24;3;1;1;7;14;10;3,360;2;6;0;1;1;0;0;0;0;0;0;0;2;1;0;
2017-10-22 08:03:09;GenCA2;97443456;0;10;1;70;25;2;14;1;1,6920;3,7967;2,8478;4,4501;7,67;5,89;5;0;3;0;4;17;7;1;0;27;6;21;21;0;17;3;3;2;8;11;8;2,800;2;2;0;0;0;1;0;2;0;0;0;0;1;1;1;
2017-10-22 08:03:09;GenCA2;97443456;0;11;1;68;23;2;17;1;1,6449;3,5213;2,6825;5,27;8,88;6,54;5;0;2;0;2;17;5;0;0;24;3;17;26;5;19;4;4;1;7;9;7;2,957;0;0;0;0;0;0;0;1;1;0;0;1;1;0;0;
2017-10-22 08:03:09;GenCA2;97443456;0;12;0;68;17;2;15;1;1,0244;2,6431;1,9359;7,68;12,17;9,65;4;0;2;0;4;11;5;0;0;17;5;17;26;9;24;4;1;1;3;9;8;4,000;2;3;0;0;0;1;0;0;0;0;0;0;0;0;1;
2017-10-22 08:03:09;GenCA2;97443456;0;13;0;68;23;2;14;1;1,2001;2,9163;2,6014;3,8258;6,70;5,80;3;0;4;0;4;18;4;0;0;17;3;13;28;9;24;5;3;2;6;10;7;2,957;0;0;0;0;0;0;1;0;0;0;1;0;1;1;0;
2017-10-22 08:03:09;GenCA2;97443456;0;14;0;70;22;0;11;1;1,2872;3,2762;2,1199;3,2355;4,5275;4,3017;4;2;1;2;1;17;4;0;0;17;3;14;31;12;28;4;3;3;4;10;9;3,182;4;1;0;0;0;0;0;4;0;0;1;0;0;1;1;
2017-10-22 08:03:09;GenCA2;97443456;0;15;0;68;20;0;14;1;0,5408;3,1406;2,0284;6,19;8,61;8,06;4;2;1;1;2;15;4;0;0;13;4;13;26;7;24;4;0;0;6;10;8;3,400;4;4;0;0;0;1;1;1;0;0;0;1;1;1;0;
2017-10-22 08:03:31;GenCA2;113648328;0;1;0;44;41;9;15;1;1,4173;3,4900;2,7199;0,8743;6,04;3,0281;7;7;2;5;2;34;6;1;0;25;5;22;27;9;24;5;5;2;11;16;14;1,073;40;0;0;0;0;0;0;1;1;0;1;0;0;2;0;
2017-10-22 08:03:31;GenCA2;113648328;0;2;1;40;37;0;12;1;1,5819;3,1794;2,3380;2,7356;6,78;4,0693;5;0;5;0;3;28;8;1;0;26;6;20;24;5;24;5;4;3;10;15;12;1,081;36;0;0;0;1;2;0;1;0;0;1;0;2;1;0;
2017-10-22 08:03:31;GenCA2;113648328;0;3;0;35;32;2;20;1;1,3961;4,5850;3,5341;1,6285;7,30;4,5759;4;0;6;0;5;29;2;0;0;12;2;12;29;4;24;4;4;2;11;12;9;1,094;31;0;0;0;0;0;0;0;0;0;0;0;2;0;0;
2017-10-22 08:03:31;GenCA2;113648328;0;4;1;35;32;11;15;1;2,4084;3,9141;2,9702;0,5391;5,00;3,0348;4;3;0;4;0;26;5;0;0;25;4;18;24;4;21;4;4;1;10;13;9;1,094;31;0;0;0;0;0;0;0;1;0;0;0;1;0;0;
2017-10-22 08:03:31;GenCA2;113648328;0;5;0;35;32;11;17;1;0,8353;3,1203;2,5720;2,7831;7,27;4,9506;7;2;2;2;4;27;4;0;0;17;4;17;25;0;18;5;3;1;12;15;5;1,094;31;0;0;0;0;1;0;3;0;1;0;1;0;0;0;
2017-10-22 08:03:31;GenCA2;113648328;0;6;1;35;32;2;15;1;1,8818;3,6228;2,7932;1,3561;5,33;3,4852;6;0;4;0;4;25;6;0;0;23;4;16;32;8;27;7;1;1;12;9;11;1,094;31;0;0;0;0;0;0;1;0;0;0;0;2;0;0;
2017-10-22 08:03:31;GenCA2;113648328;0;7;0;43;40;0;15;1;1,3473;2,9548;2,4368;2,6287;5,59;4,0597;7;0;5;0;6;35;4;0;0;12;3;9;19;0;12;5;5;5;10;18;12;1,075;39;0;0;0;0;1;1;1;0;0;1;1;0;1;0;
2017-10-22 08:03:31;GenCA2;113648328;0;8;0;43;40;0;15;1;0,8077;2,9548;2,1258;1,9135;4,7569;3,4176;9;0;4;0;7;33;6;0;0;18;4;12;19;0;12;5;5;5;10;18;12;1,075;39;0;0;0;0;1;1;1;0;0;1;1;0;1;0;
2017-10-22 08:03:31;GenCA2;113648328;0;9;1;43;40;7;17;1;1,6154;3,1148;2,7015;2,9580;6,82;4,9981;6;0;4;0;4;35;4;0;0;19;3;16;26;4;22;5;5;4;12;18;10;1,075;39;0;0;0;0;0;0;1;0;0;0;0;0;0;0;
2017-10-22 08:03:31;GenCA2;113648328;0;10;1;43;40;7;13;1;1,6154;3,1148;2,4619;1,4353;6,06;3,0669;6;0;2;0;3;33;6;0;0;25;3;16;22;4;21;7;3;3;11;18;11;1,075;39;0;0;0;0;1;0;1;0;1;0;0;1;0;0;
2017-10-22 08:03:31;GenCA2;113648328;0;11;1;43;40;7;13;1;1,6154;3,1103;2,6435;1,4186;7,18;3,7545;6;0;3;0;5;32;7;1;0;25;5;15;22;3;21;8;2;2;11;18;11;1,075;39;0;0;0;0;1;0;0;0;1;0;0;3;0;0;
2017-10-22 08:03:31;GenCA2;113648328;0;12;1;35;32;2;17;1;1,8699;4,1138;2,8140;2,0231;5,96;4,4289;6;0;3;0;3;25;6;1;0;25;3;15;26;4;21;8;0;0;10;9;13;1,094;31;0;0;0;0;0;0;1;1;0;0;0;0;1;0;
2017-10-22 08:03:31;GenCA2;113648328;0;13;1;35;32;2;19;1;1,9918;4,1759;2,9127;1,4364;9,89;4,3726;6;0;6;0;6;24;7;3;0;31;4;19;26;3;19;5;3;1;9;11;12;1,094;31;0;0;0;0;0;0;0;1;1;0;0;0;0;0;
2017-10-22 08:03:31;GenCA2;113648328;0;14;1;35;32;2;18;1;1,8498;3,6394;2,9055;2,8358;9,21;6,19;5;0;5;0;4;23;8;2;0;35;5;22;28;6;28;6;2;0;10;12;10;1,094;31;0;0;1;0;1;0;0;1;1;0;0;0;0;0;
2017-10-22 08:03:31;GenCA2;113648328;0;15;0;39;36;0;15;1;0,8353;3,7857;2,6836;1,9856;4,2245;2,8099;7;5;1;4;2;30;5;1;0;23;4;20;27;4;24;5;4;4;11;14;11;1,083;35;0;0;1;0;0;0;1;0;0;0;1;1;0;0;
2017-10-22 08:03:31;GenCA2;113648328;0;16;0;39;36;0;18;1;1,6115;4,9940;2,7976;2,8979;8,46;6,69;8;3;0;4;1;30;5;1;0;20;4;17;29;0;24;5;4;4;9;13;14;1,083;35;0;0;1;0;1;0;1;0;1;0;0;0;2;0;
2017-10-22 08:03:31;GenCA2;113648328;0;17;0;39;36;0;17;1;0,6612;2,6684;2,3933;1,0598;8,10;3,8082;6;3;0;2;1;31;4;0;0;14;3;11;27;0;24;5;4;3;9;16;11;1,083;35;0;0;0;0;0;0;2;0;0;1;1;0;1;0;
2017-10-22 08:03:40;GenCA2;113648328;0;1;0;44;41;9;15;1;1,4173;3,4900;2,7199;0,8743;6,04;3,0281;7;7;2;5;2;34;6;1;0;25;5;22;27;9;24;5;5;2;11;16;14;1,073;40;0;0;0;0;0;0;1;1;0;1;0;0;2;0;
2017-10-22 08:03:40;GenCA2;113648328;0;2;1;40;37;0;12;1;1,5819;3,1794;2,3380;2,7356;6,78;4,0693;5;0;5;0;3;28;8;1;0;26;6;20;24;5;24;5;4;3;10;15;12;1,081;36;0;0;0;1;2;0;1;0;0;1;0;2;1;0;
2017-10-22 08:03:40;GenCA2;113648328;0;3;0;35;32;2;20;1;1,3961;4,5850;3,5341;1,6285;7,30;4,5759;4;0;6;0;5;29;2;0;0;12;2;12;29;4;24;4;4;2;11;12;9;1,094;31;0;0;0;0;0;0;0;0;0;0;0;2;0;0;
2017-10-22 08:03:40;GenCA2;113648328;0;4;1;35;32;11;15;1;2,4084;3,9141;2,9702;0,5391;5,00;3,0348;4;3;0;4;0;26;5;0;0;25;4;18;24;4;21;4;4;1;10;13;9;1,094;31;0;0;0;0;0;0;0;1;0;0;0;1;0;0;
2017-10-22 08:03:40;GenCA2;113648328;0;5;0;35;32;11;17;1;0,8353;3,1203;2,5720;2,7831;7,27;4,9506;7;2;2;2;4;27;4;0;0;17;4;17;25;0;18;5;3;1;12;15;5;1,094;31;0;0;0;0;1;0;3;0;1;0;1;0;0;0;
2017-10-22 08:03:40;GenCA2;113648328;0;6;1;35;32;2;15;1;1,8818;3,6228;2,7932;1,3561;5,33;3,4852;6;0;4;0;4;25;6;0;0;23;4;16;32;8;27;7;1;1;12;9;11;1,094;31;0;0;0;0;0;0;1;0;0;0;0;2;0;0;
2017-10-22 08:03:40;GenCA2;113648328;0;7;0;43;40;0;15;1;1,3473;2,9548;2,4368;2,6287;5,59;4,0597;7;0;5;0;6;35;4;0;0;12;3;9;19;0;12;5;5;5;10;18;12;1,075;39;0;0;0;0;1;1;1;0;0;1;1;0;1;0;
2017-10-22 08:03:40;GenCA2;113648328;0;8;0;43;40;0;15;1;0,8077;2,9548;2,1258;1,9135;4,7569;3,4176;9;0;4;0;7;33;6;0;0;18;4;12;19;0;12;5;5;5;10;18;12;1,075;39;0;0;0;0;1;1;1;0;0;1;1;0;1;0;
2017-10-22 08:03:40;GenCA2;113648328;0;9;1;43;40;7;17;1;1,6154;3,1148;2,7015;2,9580;6,82;4,9981;6;0;4;0;4;35;4;0;0;19;3;16;26;4;22;5;5;4;12;18;10;1,075;39;0;0;0;0;0;0;1;0;0;0;0;0;0;0;
2017-10-22 08:03:40;GenCA2;113648328;0;10;1;43;40;7;13;1;1,6154;3,1148;2,4619;1,4353;6,06;3,0669;6;0;2;0;3;33;6;0;0;25;3;16;22;4;21;7;3;3;11;18;11;1,075;39;0;0;0;0;1;0;1;0;1;0;0;1;0;0;
2017-10-22 08:03:40;GenCA2;113648328;0;11;1;43;40;7;13;1;1,6154;3,1103;2,6435;1,4186;7,18;3,7545;6;0;3;0;5;32;7;1;0;25;5;15;22;3;21;8;2;2;11;18;11;1,075;39;0;0;0;0;1;0;0;0;1;0;0;3;0;0;
2017-10-22 08:03:40;GenCA2;113648328;0;12;1;35;32;2;17;1;1,8699;4,1138;2,8140;2,0231;5,96;4,4289;6;0;3;0;3;25;6;1;0;25;3;15;26;4;21;8;0;0;10;9;13;1,094;31;0;0;0;0;0;0;1;1;0;0;0;0;1;0;
2017-10-22 08:03:40;GenCA2;113648328;0;13;1;35;32;2;19;1;1,9918;4,1759;2,9127;1,4364;9,89;4,3726;6;0;6;0;6;24;7;3;0;31;4;19;26;3;19;5;3;1;9;11;12;1,094;31;0;0;0;0;0;0;0;1;1;0;0;0;0;0;
2017-10-22 08:03:40;GenCA2;113648328;0;14;1;35;32;2;18;1;1,8498;3,6394;2,9055;2,8358;9,21;6,19;5;0;5;0;4;23;8;2;0;35;5;22;28;6;28;6;2;0;10;12;10;1,094;31;0;0;1;0;1;0;0;1;1;0;0;0;0;0;
2017-10-22 08:03:40;GenCA2;113648328;0;15;0;39;36;0;15;1;0,8353;3,7857;2,6836;1,9856;4,2245;2,8099;7;5;1;4;2;30;5;1;0;23;4;20;27;4;24;5;4;4;11;14;11;1,083;35;0;0;1;0;0;0;1;0;0;0;1;1;0;0;
2017-10-22 08:03:40;GenCA2;113648328;0;16;0;39;36;0;18;1;1,6115;4,9940;2,7976;2,8979;8,46;6,69;8;3;0;4;1;30;5;1;0;20;4;17;29;0;24;5;4;4;9;13;14;1,083;35;0;0;1;0;1;0;1;0;1;0;0;0;2;0;
2017-10-22 08:03:40;GenCA2;113648328;0;17;0;39;36;0;17;1;0,6612;2,6684;2,3933;1,0598;8,10;3,8082;6;3;0;2;1;31;4;0;0;14;3;11;27;0;24;5;4;3;9;16;11;1,083;35;0;0;0;0;0;0;2;0;0;1;1;0;1;0;
2017-10-22 08:04:06;GenCA2;113645368;0;1;1;22;20;0;14;1;0,5627;3,4688;2,2831;4,5408;6,89;6,50;4;0;3;0;4;13;6;1;0;23;6;23;19;0;19;7;3;2;5;10;5;1,100;18;0;0;1;0;2;0;1;0;1;0;0;1;0;1;
2017-10-22 08:04:06;GenCA2;113645368;0;2;0;20;19;9;12;2;0,9384;3,3956;1,8234;4,1956;4,8168;4,3604;3;4;1;2;1;13;5;0;0;19;5;19;24;12;24;7;2;0;3;10;6;1,053;18;0;0;1;0;0;0;0;0;0;0;0;0;1;0;
2017-10-22 08:04:06;GenCA2;113645368;0;3;0;22;21;9;9;1;0,9384;2,2915;2,0038;1,8214;2,6225;2,3969;5;2;2;4;1;11;9;3;0;33;8;30;26;15;24;9;1;1;3;11;7;1,048;20;0;0;1;1;3;1;0;0;0;1;0;0;1;0;
2017-10-22 08:04:06;GenCA2;113645368;0;4;0;17;15;3;12;1;0,4295;4,2234;2,5114;2,9541;3,3565;3,1040;4;0;2;0;3;10;4;0;0;18;4;18;28;9;24;4;3;2;3;9;4;1,133;13;1;0;2;0;0;1;0;0;0;0;0;0;2;0;
2017-10-22 08:04:06;GenCA2;113645368;2;4;0;17;16;3;12;1;1,2572;4,2234;2,5321;3,0561;3,0561;3,0561;4;0;3;0;3;10;5;0;0;21;5;21;28;9;24;4;4;3;2;9;5;1,063;15;0;0;1;0;0;1;1;0;0;0;0;0;2;0;
2017-10-22 08:04:06;GenCA2;113645368;0;5;1;17;16;3;12;1;1,4144;3,2118;2,3101;4,5459;5,99;4,9070;2;0;1;0;1;9;6;1;0;23;6;23;21;4;19;5;3;1;2;8;6;1,063;15;0;0;0;1;1;0;3;0;1;0;0;0;0;1;
2017-10-22 08:04:07;GenCA2;113645368;2;5;1;17;16;3;12;1;2,1217;2,9769;2,5851;3,1074;5,10;3,9616;2;0;3;0;1;9;6;0;0;26;6;26;21;0;19;5;3;1;2;7;7;1,063;15;0;0;2;0;0;1;1;0;0;0;0;0;1;0;
2017-10-22 08:04:07;GenCA2;113645368;0;6;0;17;15;0;12;1;0,4295;3,1508;2,1056;5,75;5,94;5,85;3;2;0;1;1;9;5;1;0;19;5;19;27;3;24;5;2;1;4;7;5;1,133;13;1;0;1;0;0;1;0;0;0;1;0;0;1;0;
2017-10-22 08:04:07;GenCA2;113645368;2;6;0;17;16;0;12;1;0,5348;3,1380;2,1235;5,07;6,17;5,74;3;1;1;1;1;10;5;1;0;20;5;20;27;3;24;6;2;1;4;8;4;1,063;15;0;0;0;1;0;1;0;0;0;1;0;0;1;0;
2017-10-22 08:04:07;GenCA2;113645368;0;7;1;17;16;0;14;1;1,8120;2,5647;2,0266;8,70;8,70;8,70;4;1;0;1;0;12;3;0;0;11;3;11;31;12;22;4;4;1;4;8;4;1,063;15;0;0;0;0;1;0;1;0;0;1;0;0;1;0;
2017-10-22 08:04:07;GenCA2;113645368;0;8;1;21;20;2;17;1;1,4820;2,6871;2,1218;5,57;12,04;8,77;3;0;2;0;3;12;7;1;0;23;5;17;31;4;31;9;1;0;4;10;6;1,050;19;0;0;0;0;0;0;1;0;0;0;0;2;0;1;
2017-10-22 08:04:07;GenCA2;113645368;2;8;1;21;20;2;14;1;1,6028;3,3119;2,4647;2,6684;6,50;4,6123;4;0;3;0;4;12;7;1;0;29;5;22;28;4;26;6;4;1;4;9;7;1,050;19;0;0;1;0;2;0;1;0;1;0;0;1;0;0;
2017-10-22 08:04:07;GenCA2;113645368;0;9;0;21;20;2;10;1;1,4060;3,0609;2,1807;3,8557;5,21;4,0452;3;0;1;0;2;12;7;0;0;25;6;22;22;5;20;9;1;1;4;12;4;1,050;19;0;0;0;0;2;0;1;0;1;0;0;1;0;1;
2017-10-22 08:04:07;GenCA2;113645368;2;9;0;21;20;2;12;1;1,4060;3,1996;2,5064;3,2435;4,5976;3,8462;3;0;2;0;2;12;7;0;0;29;6;24;22;5;20;8;2;2;3;11;6;1,050;19;0;0;1;0;1;0;2;0;1;1;0;1;1;0;
2017-10-22 08:04:07;GenCA2;113645368;0;10;1;21;20;2;20;1;2,0690;4,0564;2,8882;7,58;12,88;9,63;4;2;0;0;1;12;7;0;0;33;5;25;31;4;28;7;3;2;3;12;5;1,050;19;0;0;1;0;0;1;2;1;0;0;1;1;0;0;
2017-10-22 08:04:07;GenCA2;113645368;0;11;0;21;19;2;10;1;0,4295;2,9220;1,9064;1,4272;3,5904;2,6843;6;2;0;1;2;14;4;1;0;16;4;16;29;8;24;4;5;1;5;10;5;1,105;17;1;0;0;0;1;0;1;0;0;1;0;0;0;0;
2017-10-22 08:04:07;GenCA2;113645368;2;11;0;21;20;2;12;1;0,9584;3,4799;2,2891;2,6763;5,40;4,0947;5;2;0;1;1;14;5;1;0;23;5;23;31;8;24;7;3;1;5;10;5;1,050;19;0;0;1;0;0;0;1;0;0;1;0;1;0;0;
2017-10-22 08:04:07;GenCA2;113645368;0;12;0;21;20;2;15;1;1,1578;3,0484;2,1216;4,8571;9,57;7,83;3;3;0;2;0;15;4;0;0;14;4;14;29;7;24;6;4;3;4;11;5;1,050;19;0;0;0;0;1;0;0;0;0;0;0;2;1;1;
2017-10-22 08:04:07;GenCA2;113645368;2;12;0;21;20;2;17;1;1,1578;2,9745;2,1258;5,58;9,98;8,25;4;2;0;2;0;16;3;0;0;12;2;9;29;7;24;6;4;2;5;9;6;1,050;19;0;0;0;0;1;0;0;0;1;0;0;2;0;0;
2017-10-22 08:04:07;GenCA2;113645368;0;13;0;21;19;0;10;1;0,4295;2,5566;2,0876;3,4388;4,3769;3,8412;4;0;4;0;4;14;4;0;0;16;4;16;26;8;24;7;2;2;4;12;4;1,105;17;1;0;1;0;1;0;1;0;1;0;1;0;0;0;
2017-10-22 08:04:07;GenCA2;113645368;2;13;0;21;20;0;10;1;1,2572;2,5566;2,1288;3,3878;3,6224;3,5615;4;0;5;0;4;14;5;0;0;19;5;19;26;8;24;7;3;3;3;12;5;1,050;19;0;0;0;0;1;0;2;0;1;0;1;0;0;0;
2017-10-22 08:04:07;GenCA2;113645368;0;14;0;21;20;0;10;1;1,6078;2,5566;2,2622;3,3775;5,46;3,7662;2;0;5;0;4;15;4;0;0;16;4;16;26;8;24;7;3;3;4;13;3;1,050;19;0;0;1;0;2;0;2;0;2;0;1;0;0;0;
2017-10-22 08:04:07;GenCA2;113645368;2;14;0;21;20;0;10;1;1,6078;2,5769;2,2565;3,2041;4,4727;3,5310;2;0;6;0;4;15;4;0;0;16;4;16;26;8;24;7;3;2;4;12;4;1,050;19;0;0;1;0;1;0;2;0;1;0;1;0;1;0;
2017-10-22 08:04:07;GenCA2;113645368;0;15;0;21;19;0;10;1;0,6406;2,5566;2,1214;3,3775;4,4240;3,5708;3;0;5;0;4;15;3;0;0;12;3;12;26;8;24;7;2;2;5;11;4;1,105;18;0;1;0;0;1;0;1;0;1;0;1;0;0;0;
2017-10-22 08:04:07;GenCA2;113645368;2;15;0;21;20;0;10;1;1,2727;2,5566;2,0820;3,2041;3,4577;3,4041;3;0;6;0;4;15;4;0;0;15;4;15;26;8;24;8;2;2;4;11;5;1,050;19;0;0;0;0;1;0;2;0;1;0;1;0;0;0;
2017-10-22 08:04:07;GenCA2;113645368;0;16;0;21;20;0;12;1;0,9384;4,1996;2,6224;2,3112;3,9647;2,6507;3;0;4;0;4;15;4;0;0;19;4;19;26;8;24;9;1;1;3;11;6;1,050;19;0;0;0;0;0;0;1;0;0;0;1;0;0;1;
2017-10-22 08:04:07;GenCA2;113645368;2;16;0;21;20;0;10;1;0,9384;2,5566;2,0890;3,6429;3,9133;3,8208;4;0;5;0;4;14;5;1;1;19;5;19;26;8;24;9;1;1;3;12;5;1,050;19;0;0;0;0;1;0;1;0;0;0;1;0;0;0;
2017-10-22 08:04:07;GenCA2;113645368;0;17;0;21;19;0;15;1;0,4295;2,7415;2,1997;5,07;7,27;6,80;4;0;3;0;4;14;4;1;0;16;4;16;31;8;27;8;1;1;5;11;4;1,105;17;1;0;0;0;0;0;2;0;1;0;1;1;0;0;
2017-10-22 08:04:07;GenCA2;113645368;2;17;0;21;20;0;12;1;1,2572;2,5566;2,0323;4,3724;5,71;5,41;5;0;4;0;4;14;5;1;0;17;5;17;28;8;24;8;2;2;3;10;7;1,050;19;0;0;0;1;0;0;3;0;0;1;1;0;0;0;
2017-10-22 08:04:07;GenCA2;113645368;0;18;0;19;18;0;16;1;1,3768;2,6938;2,2784;4,7806;12,55;8,88;5;1;0;1;2;10;7;2;0;25;6;22;27;9;24;6;3;1;3;10;5;1,056;17;0;0;0;0;1;0;0;1;0;1;0;1;1;0;
2017-10-22 08:04:08;GenCA2;113645368;2;18;0;19;18;0;12;1;1,8715;2,9347;2,3231;3,4694;6,91;5,54;3;2;0;5;0;10;7;1;0;27;6;24;27;12;22;4;5;0;3;9;6;1,056;17;0;0;0;0;1;0;1;0;1;0;0;1;3;0;
2017-10-22 08:04:08;GenCA2;113645368;0;19;0;19;17;0;12;1;0,9075;3,9611;2,1792;2,8316;2,8316;2,8316;5;1;1;3;2;10;6;1;1;26;6;26;31;12;28;6;2;1;3;9;6;1,118;16;0;1;0;0;0;0;1;1;1;0;0;0;1;0;
2017-10-22 08:04:08;GenCA2;113645368;2;19;0;19;18;0;8;1;1,3684;2,1393;1,8362;3,0561;3,5816;3,4685;5;2;1;4;1;11;6;1;0;19;6;19;27;12;24;8;1;0;3;9;6;1,056;17;0;0;0;0;2;1;1;0;1;0;0;0;1;0;
2017-10-22 08:04:08;GenCA2;113645368;0;20;0;19;17;0;10;1;0,9075;2,4440;1,8808;4,8571;5,05;5,01;5;2;0;3;1;11;5;1;0;16;5;16;29;12;24;6;2;1;3;9;6;1,118;16;0;1;0;1;2;0;0;1;1;0;0;2;0;0;
2017-10-22 08:04:08;GenCA2;113645368;2;20;0;19;18;0;10;1;1,3684;2,4328;1,8731;4,3827;5,05;4,9073;5;2;1;3;1;11;6;1;0;19;6;19;29;12;24;7;2;1;2;9;7;1,056;17;0;0;0;0;3;0;1;0;0;0;0;2;0;0;
2017-10-22 08:04:08;GenCA2;113645368;0;21;0;19;17;0;12;1;0,4295;4,2954;2,5150;2,6531;3,5350;2,9338;5;2;0;3;1;11;5;1;0;22;5;22;27;8;24;4;4;2;3;10;5;1,118;15;1;0;2;0;0;0;1;0;0;0;0;0;1;1;
2017-10-22 08:04:09;GenCA2;113645368;2;21;0;19;18;0;12;1;1,2572;4,3618;2,5685;3,4439;4,2825;3,6507;4;2;1;1;1;12;5;0;0;23;4;20;27;8;24;4;5;4;3;10;5;1,056;17;0;0;1;0;0;0;1;0;0;0;0;1;1;0;
2017-10-22 08:04:09;GenCA2;113645368;0;22;0;17;15;0;12;1;0,4295;2,5432;1,8887;5,42;5,42;5,42;5;1;0;1;2;10;4;0;0;14;4;14;29;12;24;5;2;1;3;9;4;1,133;13;1;0;1;0;0;1;0;0;0;0;0;1;1;0;
2017-10-22 08:04:09;GenCA2;113645368;2;22;0;17;16;0;12;1;1,2572;2,5239;1,9418;5,70;5,70;5,70;5;1;1;1;1;9;6;0;0;19;6;19;29;12;24;5;3;2;1;8;7;1,063;15;0;0;0;0;1;0;2;0;1;0;1;1;1;0;
2017-10-22 08:04:09;GenCA2;113645368;0;23;0;17;16;0;14;1;1,3768;2,6425;2,2335;6,64;6,75;6,67;4;2;0;2;1;10;5;0;0;17;5;17;29;8;27;6;2;0;2;8;6;1,063;15;0;0;0;0;1;0;2;0;0;0;1;0;0;2;
2017-10-22 08:04:09;GenCA2;113645368;2;23;0;17;16;0;12;1;0,9384;3,2556;2,1511;4,1378;5,69;5,09;5;1;1;3;1;11;4;0;0;17;4;17;27;8;24;6;2;1;2;8;6;1,063;15;0;0;1;0;2;0;0;0;1;0;0;0;0;0;
2017-10-22 08:04:09;GenCA2;113645368;0;24;0;17;15;0;12;1;0,6406;4,3399;2,7444;4,5578;5,67;4,9271;2;1;1;1;1;9;5;1;0;23;5;23;27;8;22;3;4;2;3;9;4;1,133;14;0;1;1;0;0;0;1;0;1;0;0;1;0;0;
2017-10-22 08:04:09;GenCA2;113645368;2;24;0;17;16;0;11;1;1,2572;2,6856;2,2152;4,1752;4,8811;4,4242;3;1;2;2;1;8;7;2;0;26;7;26;26;8;24;3;5;3;2;10;4;1,063;15;0;0;0;0;1;1;1;0;1;1;0;0;0;0;
2017-10-22 08:04:09;GenCA2;113645368;0;25;1;17;16;0;14;2;1,7804;3,2388;2,6777;6,83;6,83;6,83;5;1;0;2;1;8;7;2;1;31;7;31;31;7;27;6;2;2;1;10;5;1,063;15;0;0;1;0;0;0;1;1;0;0;0;0;0;1;
2017-10-22 08:04:09;GenCA2;113645368;2;25;1;17;16;0;11;1;1,4176;3,1086;2,4169;3,5663;3,5663;3,5663;4;1;0;3;1;9;6;2;0;25;6;25;28;7;26;8;0;0;3;6;7;1,063;15;0;0;0;1;2;1;1;0;1;1;0;0;0;0;
2017-10-22 08:04:09;GenCA2;113645368;0;26;1;17;16;0;12;1;1,8271;2,8700;2,3033;4,2150;6,15;5,34;3;0;0;2;1;11;4;1;0;16;4;16;26;7;22;7;1;0;3;7;6;1,063;15;0;0;0;1;0;0;1;1;0;0;1;0;0;1;
2017-10-22 08:04:10;GenCA2;113645368;2;26;1;17;16;0;10;1;1,8167;2,9515;2,4356;3,6990;4,4820;3,8947;3;1;0;1;1;10;5;1;0;23;5;23;26;7;24;4;4;3;3;9;4;1,063;15;0;0;2;0;1;0;1;0;0;0;0;0;0;0;
2017-10-22 08:04:10;GenCA2;113645368;0;27;1;17;16;0;15;1;1,3768;4,7617;2,8397;7,40;7,40;7,40;3;3;0;2;1;9;6;0;0;25;6;25;29;8;27;7;1;1;2;9;5;1,063;15;0;0;0;0;2;0;0;0;0;0;0;1;1;1;
2017-10-22 08:04:10;GenCA2;113645368;2;27;1;17;16;0;10;1;1,4176;2,8423;2,3702;4,7959;4,8646;4,8131;4;1;0;2;1;9;6;1;0;25;6;25;26;7;24;6;2;1;3;8;5;1,063;15;0;0;0;0;1;0;2;0;0;1;0;1;0;0;
2017-10-22 08:04:56;GenCA2;113642704;0;1;1;12;12;9;10;3;1,1268;3,1217;2,1886;4,8248;6,16;5,54;3;1;0;0;1;6;5;1;1;17;5;17;30;12;28;8;3;3;0;9;3;1,000;12;0;0;0;0;0;0;0;0;0;1;0;2;0;0;
2017-10-22 08:04:57;GenCA2;113642704;2;1;1;12;12;9;11;1;0,8272;3,5381;2,0298;4,9172;5,01;4,9670;4;1;0;2;1;7;4;1;0;15;4;15;29;12;24;6;5;4;0;6;6;1,000;12;0;0;0;0;0;1;1;0;0;1;0;0;0;0;
2017-10-22 08:04:57;GenCA2;113642704;0;2;1;9;9;7;8;1;1,9541;2,6579;2,4522;4,9172;5,01;4,9670;3;1;0;1;0;4;4;1;0;16;4;16;17;3;15;7;1;0;0;6;3;1,000;9;0;0;1;0;1;0;1;1;2;0;0;0;0;0;
2017-10-22 08:04:57;GenCA2;113642704;2;2;1;9;9;7;8;1;1,3577;2,4842;1,9664;4,9172;5,01;4,9670;4;0;0;1;0;4;4;1;0;14;4;14;17;3;15;6;2;1;0;7;2;1,000;9;0;0;1;0;1;0;0;1;1;0;0;0;1;0;
2017-10-22 08:04:57;GenCA2;113642704;0;3;1;9;9;7;8;1;1,9418;2,8011;2,2900;4,9172;5,01;4,9670;2;1;0;0;0;4;4;0;0;14;4;14;24;9;24;6;2;2;0;5;4;1,000;9;0;0;0;0;0;0;1;0;0;1;0;1;0;0;
2017-10-22 08:04:57;GenCA2;113642704;0;4;1;9;8;7;8;1;1,3577;2,0484;1,8184;4,9172;5,01;4,9670;3;1;0;1;0;5;2;0;0;7;2;7;17;4;15;4;3;2;0;6;3;1,125;7;1;0;0;0;0;0;0;0;0;0;0;1;0;0;
2017-10-22 08:04:57;GenCA2;113642704;2;4;1;9;9;7;10;1;1,3577;2,7019;2,1943;4,9172;5,01;4,9670;3;1;0;1;0;5;3;0;0;10;3;10;19;4;15;4;4;3;0;7;2;1,000;9;0;0;0;0;1;0;1;0;1;0;1;1;0;0;
2017-10-22 08:04:57;GenCA2;113642704;0;5;1;9;9;7;8;1;1,8256;2,9787;2,3713;4,9172;5,01;4,9670;2;1;0;0;0;4;4;0;0;16;4;16;24;9;24;5;3;3;0;6;3;1,000;9;0;0;0;0;1;0;1;0;0;0;0;0;0;0;
2017-10-22 08:04:57;GenCA2;113642704;0;6;1;9;9;7;8;1;1,5730;2,4384;2,0549;4,9172;5,01;4,9670;2;1;0;0;0;6;2;1;0;6;2;6;24;9;24;7;1;1;0;6;3;1,000;9;0;0;0;0;0;0;0;0;0;0;0;0;1;0;
2017-10-22 08:04:57;GenCA2;113642704;2;6;1;9;9;7;8;1;1,5730;2,3695;1,9996;4,9172;5,01;4,9670;2;1;0;0;0;6;2;0;0;6;2;6;24;9;24;7;1;1;0;5;4;1,000;9;0;0;0;0;0;0;0;0;0;1;0;1;0;0;
2017-10-22 08:04:57;GenCA2;113642704;0;7;1;10;10;0;12;1;2,4088;4,4557;3,3446;2,9986;2,9986;2,9986;3;1;0;1;0;4;5;2;0;25;5;25;25;8;19;5;4;1;0;5;5;1,000;10;0;0;1;0;0;0;1;1;0;0;0;1;0;0;
2017-10-22 08:04:57;GenCA2;113642704;2;7;1;10;10;0;11;1;1,5918;3,1411;2,3606;3,8101;3,8101;3,8101;3;1;0;1;2;5;4;1;0;15;4;15;24;8;20;5;4;2;0;7;3;1,000;10;0;0;0;0;0;1;2;0;0;1;0;1;0;0;
2017-10-22 08:04:57;GenCA2;113642704;0;8;1;10;10;0;7;4;1,2666;2,4338;1,9910;2,9227;2,9227;2,9227;4;1;0;1;1;7;2;0;0;9;2;9;15;0;15;7;2;2;0;6;4;1,000;10;0;0;1;0;0;0;0;0;0;0;0;0;0;0;
2017-10-22 08:04:57;GenCA2;113642704;2;8;1;10;10;0;9;1;1,3040;3,1232;2,4038;1,8966;1,8966;1,8966;4;1;0;1;1;5;4;2;0;17;4;17;15;0;15;8;1;1;0;5;5;1,000;10;0;0;1;1;1;0;0;0;1;0;0;1;0;0;
2017-10-22 08:04:57;GenCA2;113642704;0;9;1;10;10;0;7;3;1,2666;2,0168;1,7719;3,4329;3,4329;3,4329;3;2;0;1;1;7;2;0;0;7;2;7;15;0;15;8;1;1;0;5;5;1,000;10;0;0;1;0;0;0;0;0;0;0;0;1;0;0;
2017-10-22 08:04:57;GenCA2;113642704;2;9;1;10;10;0;9;1;1,3040;3,1232;2,4038;1,8966;1,8966;1,8966;4;1;0;1;1;5;4;2;0;17;4;17;15;0;15;8;1;1;0;5;5;1,000;10;0;0;1;1;1;0;0;0;1;0;0;1;0;0;
2017-10-22 08:04:57;GenCA2;113642704;0;10;1;9;9;0;8;2;1,7826;3,1880;2,3797;1,8966;1,8966;1,8966;2;0;0;0;1;4;4;1;0;16;4;16;22;9;16;5;3;1;0;6;3;1,000;9;0;0;1;0;1;0;1;0;0;0;0;0;0;0;
2017-10-22 08:04:57;GenCA2;113642704;2;10;1;9;9;0;10;1;2,3863;3,1880;2,7822;1,8966;1,8966;1,8966;2;0;1;0;1;4;4;1;0;16;4;16;22;7;16;6;2;0;0;4;5;1,000;9;0;0;1;0;1;1;1;0;1;1;0;0;0;0;
2017-10-22 08:04:57;GenCA2;113642704;0;11;1;9;9;0;12;1;2,1065;3,4302;2,7658;1,8966;1,8966;1,8966;2;0;0;0;1;4;4;1;0;16;4;16;26;9;21;5;3;1;0;6;3;1,000;9;0;0;2;1;1;0;0;1;1;0;0;1;0;0;
2017-10-22 08:04:57;GenCA2;113642704;2;11;1;9;9;0;12;1;2,5739;3,1908;2,9654;1,8966;1,8966;1,8966;3;0;0;0;1;4;4;1;0;18;4;18;26;12;21;3;5;2;0;6;3;1,000;9;0;0;2;1;1;0;0;1;2;0;0;0;0;0;
2017-10-22 08:04:57;GenCA2;113642704;0;12;1;9;9;2;7;1;1,3596;2,3714;1,8960;1,8966;1,8966;1,8966;3;0;2;0;2;6;2;0;0;8;2;8;14;0;12;7;1;1;0;4;5;1,000;9;0;0;0;0;0;0;0;0;0;0;0;0;0;0;
2017-10-22 08:04:57;GenCA2;113642704;2;12;1;9;9;2;9;1;1,6078;2,9939;2,5205;1,8966;1,8966;1,8966;2;0;2;0;1;5;3;1;0;14;3;14;16;0;16;7;1;0;0;3;6;1,000;9;0;0;1;0;0;0;0;0;0;0;0;1;0;0;
2017-10-22 08:04:57;GenCA2;113642704;0;13;1;11;11;5;7;1;1,2400;1,9510;1,7007;1,2049;1,2049;1,2049;4;0;2;0;3;8;2;0;0;8;2;8;26;12;24;6;4;3;0;7;4;1,000;11;0;0;1;0;0;0;0;0;0;0;0;0;0;0;
2017-10-22 08:04:57;GenCA2;113642704;2;13;1;11;11;5;9;1;1,2400;2,0140;1,8438;2,8625;2,8625;2,8625;4;0;1;0;3;8;2;0;0;8;2;8;26;12;24;6;4;3;0;7;4;1,000;11;0;0;1;0;0;0;0;0;0;0;0;0;0;0;
2017-10-22 08:04:57;GenCA2;113642704;0;14;1;11;11;5;9;1;1,1829;2,0140;1,8262;2,9110;2,9110;2,9110;4;0;1;0;3;6;4;0;0;12;4;12;26;12;21;4;6;6;0;9;2;1,000;11;0;0;0;0;1;1;1;0;2;0;0;0;2;0;
2017-10-22 08:04:57;GenCA2;113642704;2;14;1;11;11;5;11;1;1,2671;2,8419;2,2468;2,0048;2,0048;2,0048;5;0;1;0;3;6;4;2;0;18;4;18;28;12;24;3;7;5;0;8;3;1,000;11;0;0;1;2;0;1;0;1;1;0;0;0;0;0;
2017-10-22 08:04:57;GenCA2;113642704;0;15;0;9;9;7;7;2;1,6399;2,0168;1,8581;2,0048;2,0048;2,0048;2;2;0;1;1;6;2;0;0;6;2;6;19;4;15;4;4;3;0;7;2;1,000;9;0;0;0;0;0;0;1;0;1;0;0;1;0;0;
2017-10-22 08:04:57;GenCA2;113642704;2;15;0;9;9;7;9;1;1,9509;2,9221;2,4296;2,0048;2,0048;2,0048;2;1;0;1;1;5;3;1;0;12;3;12;21;4;21;5;3;2;0;7;2;1,000;9;0;0;0;0;0;0;1;0;1;0;0;0;0;0;
2017-10-22 08:04:57;GenCA2;113642704;0;16;1;9;8;7;9;1;1,5490;2,8300;2,3025;2,0048;2,0048;2,0048;3;1;0;1;0;4;3;0;0;11;3;11;19;7;15;3;4;1;0;4;5;1,125;7;1;0;1;0;1;1;1;0;2;0;0;0;0;0;
2017-10-22 08:04:57;GenCA2;113642704;2;16;1;9;9;7;10;1;1,9541;2,7019;2,4293;2,0048;2,0048;2,0048;2;2;0;1;0;5;3;0;0;12;3;12;19;4;15;5;3;2;0;6;3;1,000;9;0;0;1;0;1;0;1;0;2;0;0;0;0;0;
2017-10-22 08:04:57;GenCA2;113642704;0;17;1;9;8;7;10;1;1,9541;2,9239;2,6247;2,0048;2,0048;2,0048;2;1;0;1;0;4;3;0;0;13;3;13;19;4;15;4;3;1;0;5;4;1,125;7;1;0;2;0;1;0;0;0;1;0;0;0;0;0;
2017-10-22 08:04:57;GenCA2;113642704;2;17;1;9;9;7;10;1;1,9541;2,7019;2,4293;2,0048;2,0048;2,0048;2;2;0;1;0;5;3;0;0;12;3;12;19;4;15;5;3;2;0;6;3;1,000;9;0;0;1;0;1;0;1;0;2;0;0;0;0;0;
2017-10-22 08:04:57;GenCA2;113642704;0;18;1;9;8;7;8;1;2,2360;3,3954;2,6683;2,0048;2,0048;2,0048;2;1;0;0;0;4;3;0;0;13;3;13;24;12;24;6;1;1;0;5;4;1,125;7;1;0;0;0;3;0;1;0;2;0;0;0;0;0;
2017-10-22 08:04:57;GenCA2;113642704;2;18;1;9;9;7;8;1;2,1074;2,9961;2,4808;2,0048;2,0048;2,0048;2;1;0;0;0;4;4;1;0;16;4;16;24;9;24;6;2;2;0;6;3;1,000;9;0;0;0;0;3;0;1;0;1;0;0;0;0;0;
2017-10-22 08:04:57;GenCA2;113642704;0;19;1;9;9;7;12;1;2,2802;2,6405;2,5076;2,0048;2,0048;2,0048;2;1;0;1;0;5;3;0;0;13;3;13;24;7;24;6;2;1;0;4;5;1,000;9;0;0;1;0;2;1;1;0;1;0;0;0;0;0;
2017-10-22 08:04:57;GenCA2;113642704;0;20;1;9;9;7;9;1;2,2174;3,4824;2,7580;2,0048;2,0048;2,0048;3;1;0;0;1;3;5;1;0;20;5;20;19;8;16;4;4;1;0;6;3;1,000;9;0;0;0;0;0;1;1;0;0;0;0;0;1;0;
2017-10-22 08:04:57;GenCA2;113642704;2;20;1;9;9;7;9;1;1,3792;2,6631;2,1300;2,0048;2,0048;2,0048;3;1;0;0;1;4;4;0;0;14;4;14;19;8;15;3;5;3;0;6;3;1,000;9;0;0;1;0;2;1;0;0;1;0;0;0;0;0;
2017-10-22 08:04:57;GenCA2;113642704;0;21;1;9;9;7;9;1;1,6102;2,9486;2,3112;2,0048;2,0048;2,0048;3;1;0;0;1;4;4;2;0;16;4;16;16;3;12;2;6;4;0;7;2;1,000;9;0;0;1;0;1;0;0;0;1;0;0;0;1;0;
2017-10-22 08:04:57;GenCA2;113642704;2;21;1;9;9;7;8;1;1,2359;3,1064;2,0155;2,0048;2,0048;2,0048;4;0;0;0;1;4;4;1;0;16;4;16;13;3;12;4;4;3;0;7;2;1,000;9;0;0;1;1;1;0;0;0;1;0;0;0;0;0;
2017-10-22 08:04:57;GenCA2;113642704;0;22;1;9;9;7;9;1;1,3792;2,6631;2,1300;2,0048;2,0048;2,0048;3;1;0;0;1;4;4;0;0;14;4;14;19;8;15;3;5;3;0;6;3;1,000;9;0;0;1;0;2;1;0;0;1;0;0;0;0;0;
2017-10-22 08:04:57;GenCA2;113642704;0;23;0;13;13;9;14;1;2,0716;4,2852;3,0243;7,08;7,08;7,08;4;1;0;0;2;7;5;1;0;23;5;23;19;0;19;4;8;5;0;10;3;1,000;13;0;0;1;0;0;1;1;0;1;0;0;0;0;0;
